payment_method_id,type,card_type,card_token,last_four
pm_000001,credit_card,visa,secure_token_1,5893
pm_000002,credit_card,visa,secure_token_2,8543
pm_000003,credit_card,mastercard,secure_token_3,6806
pm_000004,credit_card,amex,secure_token_4,2131
pm_000005,credit_card,visa,secure_token_5,8285
pm_000006,credit_card,mastercard,secure_token_6,1891
pm_000007,credit_card,mastercard,secure_token_7,9769
pm_000008,credit_card,amex,secure_token_8,1214
pm_000009,credit_card,visa,secure_token_9,7380
pm_000010,credit_card,amex,secure_token_10,1847
pm_000011,credit_card,amex,secure_token_11,3679
pm_000012,credit_card,amex,secure_token_12,2784
pm_000013,credit_card,amex,secure_token_13,6541
pm_000014,credit_card,amex,secure_token_14,2226
pm_000015,credit_card,mastercard,secure_token_15,3099
pm_000016,credit_card,amex,secure_token_16,3855
pm_000017,credit_card,amex,secure_token_17,8042
pm_000018,credit_card,visa,secure_token_18,7259
pm_000019,credit_card,amex,secure_token_19,9258
pm_000020,credit_card,amex,secure_token_20,8283
pm_000021,credit_card,mastercard,secure_token_21,2654
pm_000022,credit_card,amex,secure_token_22,1560
pm_000023,credit_card,amex,secure_token_23,9630
pm_000024,credit_card,mastercard,secure_token_24,3688
pm_000025,credit_card,amex,secure_token_25,8929
pm_000026,credit_card,amex,secure_token_26,7953
pm_000027,credit_card,mastercard,secure_token_27,8221
pm_000028,credit_card,visa,secure_token_28,8573
pm_000029,credit_card,mastercard,secure_token_29,2547
pm_000030,credit_card,amex,secure_token_30,7625
pm_000031,credit_card,visa,secure_token_31,4727
pm_000032,credit_card,visa,secure_token_32,3650
pm_000033,credit_card,amex,secure_token_33,4076
pm_000034,credit_card,amex,secure_token_34,3449
pm_000035,credit_card,mastercard,secure_token_35,5604
pm_000036,credit_card,amex,secure_token_36,2318
pm_000037,credit_card,mastercard,secure_token_37,8064
pm_000038,credit_card,mastercard,secure_token_38,4030
pm_000039,credit_card,visa,secure_token_39,5284
pm_000040,credit_card,mastercard,secure_token_40,4278
pm_000041,credit_card,mastercard,secure_token_41,8204
pm_000042,credit_card,visa,secure_token_42,6559
pm_000043,credit_card,mastercard,secure_token_43,2950
pm_000044,credit_card,amex,secure_token_44,6155
pm_000045,credit_card,visa,secure_token_45,6653
pm_000046,credit_card,visa,secure_token_46,8798
pm_000047,credit_card,amex,secure_token_47,3810
pm_000048,credit_card,amex,secure_token_48,9634
pm_000049,credit_card,amex,secure_token_49,8086
pm_000050,credit_card,amex,secure_token_50,6304
pm_000051,credit_card,amex,secure_token_51,4166
pm_000052,credit_card,amex,secure_token_52,4386
pm_000053,credit_card,mastercard,secure_token_53,5099
pm_000054,credit_card,mastercard,secure_token_54,7701
pm_000055,credit_card,mastercard,secure_token_55,5040
pm_000056,credit_card,amex,secure_token_56,4774
pm_000057,credit_card,mastercard,secure_token_57,9130
pm_000058,credit_card,mastercard,secure_token_58,8906
pm_000059,credit_card,mastercard,secure_token_59,6080
pm_000060,credit_card,visa,secure_token_60,9237
pm_000061,credit_card,visa,secure_token_61,5723
pm_000062,credit_card,mastercard,secure_token_62,5581
pm_000063,credit_card,amex,secure_token_63,8927
pm_000064,credit_card,visa,secure_token_64,2848
pm_000065,credit_card,amex,secure_token_65,5399
pm_000066,credit_card,mastercard,secure_token_66,7561
pm_000067,credit_card,amex,secure_token_67,6021
pm_000068,credit_card,visa,secure_token_68,4415
pm_000069,credit_card,visa,secure_token_69,7991
pm_000070,credit_card,visa,secure_token_70,7397
pm_000071,credit_card,amex,secure_token_71,9075
pm_000072,credit_card,visa,secure_token_72,4781
pm_000073,credit_card,amex,secure_token_73,8863
pm_000074,credit_card,mastercard,secure_token_74,1323
pm_000075,credit_card,mastercard,secure_token_75,5257
pm_000076,credit_card,mastercard,secure_token_76,2780
pm_000077,credit_card,mastercard,secure_token_77,8851
pm_000078,credit_card,visa,secure_token_78,3762
pm_000079,credit_card,amex,secure_token_79,1984
pm_000080,credit_card,mastercard,secure_token_80,1338
pm_000081,credit_card,visa,secure_token_81,3572
pm_000082,credit_card,visa,secure_token_82,4354
pm_000083,credit_card,mastercard,secure_token_83,8347
pm_000084,credit_card,mastercard,secure_token_84,6968
pm_000085,credit_card,visa,secure_token_85,5753
pm_000086,credit_card,amex,secure_token_86,7986
pm_000087,credit_card,mastercard,secure_token_87,8360
pm_000088,credit_card,visa,secure_token_88,8097
pm_000089,credit_card,amex,secure_token_89,9530
pm_000090,credit_card,visa,secure_token_90,7966
pm_000091,credit_card,amex,secure_token_91,1111
pm_000092,credit_card,visa,secure_token_92,1082
pm_000093,credit_card,amex,secure_token_93,1837
pm_000094,credit_card,amex,secure_token_94,4909
pm_000095,credit_card,amex,secure_token_95,3342
pm_000096,credit_card,mastercard,secure_token_96,7913
pm_000097,credit_card,visa,secure_token_97,1862
pm_000098,credit_card,visa,secure_token_98,2891
pm_000099,credit_card,visa,secure_token_99,7688
pm_000100,credit_card,amex,secure_token_100,8690
pm_000101,credit_card,amex,secure_token_101,6632
pm_000102,credit_card,amex,secure_token_102,8735
pm_000103,credit_card,visa,secure_token_103,3854
pm_000104,credit_card,mastercard,secure_token_104,6980
pm_000105,credit_card,amex,secure_token_105,2582
pm_000106,credit_card,mastercard,secure_token_106,4975
pm_000107,credit_card,visa,secure_token_107,7719
pm_000108,credit_card,mastercard,secure_token_108,7615
pm_000109,credit_card,mastercard,secure_token_109,3574
pm_000110,credit_card,mastercard,secure_token_110,3261
pm_000111,credit_card,mastercard,secure_token_111,6470
pm_000112,credit_card,visa,secure_token_112,1324
pm_000113,credit_card,visa,secure_token_113,4008
pm_000114,credit_card,visa,secure_token_114,2098
pm_000115,credit_card,amex,secure_token_115,4759
pm_000116,credit_card,visa,secure_token_116,9576
pm_000117,credit_card,visa,secure_token_117,5473
pm_000118,credit_card,mastercard,secure_token_118,4453
pm_000119,credit_card,amex,secure_token_119,1942
pm_000120,credit_card,amex,secure_token_120,6096
pm_000121,credit_card,visa,secure_token_121,1189
pm_000122,credit_card,mastercard,secure_token_122,6464
pm_000123,credit_card,visa,secure_token_123,6708
pm_000124,credit_card,visa,secure_token_124,2484
pm_000125,credit_card,amex,secure_token_125,2058
pm_000126,credit_card,visa,secure_token_126,2657
pm_000127,credit_card,amex,secure_token_127,1483
pm_000128,credit_card,visa,secure_token_128,1370
pm_000129,credit_card,visa,secure_token_129,7633
pm_000130,credit_card,mastercard,secure_token_130,4469
pm_000131,credit_card,mastercard,secure_token_131,1768
pm_000132,credit_card,mastercard,secure_token_132,9284
pm_000133,credit_card,mastercard,secure_token_133,6454
pm_000134,credit_card,mastercard,secure_token_134,7085
pm_000135,credit_card,mastercard,secure_token_135,9996
pm_000136,credit_card,amex,secure_token_136,5094
pm_000137,credit_card,mastercard,secure_token_137,5078
pm_000138,credit_card,mastercard,secure_token_138,6116
pm_000139,credit_card,mastercard,secure_token_139,5184
pm_000140,credit_card,visa,secure_token_140,5756
pm_000141,credit_card,mastercard,secure_token_141,7489
pm_000142,credit_card,amex,secure_token_142,6308
pm_000143,credit_card,visa,secure_token_143,9375
pm_000144,credit_card,visa,secure_token_144,1511
pm_000145,credit_card,amex,secure_token_145,9220
pm_000146,credit_card,mastercard,secure_token_146,4056
pm_000147,credit_card,visa,secure_token_147,9683
pm_000148,credit_card,visa,secure_token_148,1344
pm_000149,credit_card,amex,secure_token_149,2699
pm_000150,credit_card,amex,secure_token_150,6427
pm_000151,credit_card,visa,secure_token_151,7249
pm_000152,credit_card,visa,secure_token_152,6178
pm_000153,credit_card,visa,secure_token_153,9108
pm_000154,credit_card,visa,secure_token_154,2945
pm_000155,credit_card,amex,secure_token_155,3540
pm_000156,credit_card,amex,secure_token_156,4114
pm_000157,credit_card,amex,secure_token_157,9178
pm_000158,credit_card,mastercard,secure_token_158,6570
pm_000159,credit_card,visa,secure_token_159,6765
pm_000160,credit_card,visa,secure_token_160,4638
pm_000161,credit_card,visa,secure_token_161,1173
pm_000162,credit_card,amex,secure_token_162,7795
pm_000163,credit_card,mastercard,secure_token_163,3097
pm_000164,credit_card,amex,secure_token_164,2786
pm_000165,credit_card,visa,secure_token_165,8999
pm_000166,credit_card,mastercard,secure_token_166,5269
pm_000167,credit_card,mastercard,secure_token_167,7447
pm_000168,credit_card,mastercard,secure_token_168,1442
pm_000169,credit_card,amex,secure_token_169,6126
pm_000170,credit_card,visa,secure_token_170,8404
pm_000171,credit_card,mastercard,secure_token_171,7455
pm_000172,credit_card,amex,secure_token_172,9544
pm_000173,credit_card,amex,secure_token_173,7444
pm_000174,credit_card,mastercard,secure_token_174,2479
pm_000175,credit_card,amex,secure_token_175,7328
pm_000176,credit_card,amex,secure_token_176,8521
pm_000177,credit_card,mastercard,secure_token_177,9235
pm_000178,credit_card,visa,secure_token_178,1517
pm_000179,credit_card,visa,secure_token_179,4803
pm_000180,credit_card,mastercard,secure_token_180,2945
pm_000181,credit_card,mastercard,secure_token_181,8701
pm_000182,credit_card,visa,secure_token_182,6085
pm_000183,credit_card,visa,secure_token_183,4432
pm_000184,credit_card,visa,secure_token_184,5110
pm_000185,credit_card,visa,secure_token_185,6095
pm_000186,credit_card,amex,secure_token_186,4319
pm_000187,credit_card,mastercard,secure_token_187,6269
pm_000188,credit_card,mastercard,secure_token_188,8847
pm_000189,credit_card,mastercard,secure_token_189,6708
pm_000190,credit_card,amex,secure_token_190,8603
pm_000191,credit_card,amex,secure_token_191,7653
pm_000192,credit_card,amex,secure_token_192,1084
pm_000193,credit_card,amex,secure_token_193,9687
pm_000194,credit_card,amex,secure_token_194,3766
pm_000195,credit_card,amex,secure_token_195,5535
pm_000196,credit_card,visa,secure_token_196,8116
pm_000197,credit_card,amex,secure_token_197,8403
pm_000198,credit_card,mastercard,secure_token_198,2969
pm_000199,credit_card,mastercard,secure_token_199,3274
pm_000200,credit_card,mastercard,secure_token_200,7000
pm_000201,credit_card,mastercard,secure_token_201,7722
pm_000202,credit_card,visa,secure_token_202,4354
pm_000203,credit_card,amex,secure_token_203,3641
pm_000204,credit_card,visa,secure_token_204,3747
pm_000205,credit_card,mastercard,secure_token_205,1756
pm_000206,credit_card,visa,secure_token_206,5894
pm_000207,credit_card,mastercard,secure_token_207,8984
pm_000208,credit_card,visa,secure_token_208,8759
pm_000209,credit_card,amex,secure_token_209,1221
pm_000210,credit_card,visa,secure_token_210,7424
pm_000211,credit_card,amex,secure_token_211,9646
pm_000212,credit_card,amex,secure_token_212,8447
pm_000213,credit_card,visa,secure_token_213,7883
pm_000214,credit_card,amex,secure_token_214,1565
pm_000215,credit_card,amex,secure_token_215,8423
pm_000216,credit_card,amex,secure_token_216,4322
pm_000217,credit_card,amex,secure_token_217,1876
pm_000218,credit_card,visa,secure_token_218,3902
pm_000219,credit_card,visa,secure_token_219,1023
pm_000220,credit_card,mastercard,secure_token_220,3812
pm_000221,credit_card,visa,secure_token_221,8252
pm_000222,credit_card,amex,secure_token_222,3487
pm_000223,credit_card,mastercard,secure_token_223,3927
pm_000224,credit_card,visa,secure_token_224,1075
pm_000225,credit_card,mastercard,secure_token_225,6331
pm_000226,credit_card,visa,secure_token_226,7185
pm_000227,credit_card,mastercard,secure_token_227,3056
pm_000228,credit_card,amex,secure_token_228,6325
pm_000229,credit_card,mastercard,secure_token_229,3172
pm_000230,credit_card,visa,secure_token_230,6472
pm_000231,credit_card,visa,secure_token_231,7082
pm_000232,credit_card,amex,secure_token_232,3123
pm_000233,credit_card,visa,secure_token_233,3463
pm_000234,credit_card,visa,secure_token_234,2952
pm_000235,credit_card,mastercard,secure_token_235,3156
pm_000236,credit_card,mastercard,secure_token_236,2739
pm_000237,credit_card,amex,secure_token_237,2516
pm_000238,credit_card,amex,secure_token_238,9404
pm_000239,credit_card,mastercard,secure_token_239,7910
pm_000240,credit_card,amex,secure_token_240,1180
pm_000241,credit_card,visa,secure_token_241,7613
pm_000242,credit_card,mastercard,secure_token_242,8356
pm_000243,credit_card,mastercard,secure_token_243,6050
pm_000244,credit_card,amex,secure_token_244,8339
pm_000245,credit_card,mastercard,secure_token_245,2656
pm_000246,credit_card,amex,secure_token_246,7858
pm_000247,credit_card,mastercard,secure_token_247,7556
pm_000248,credit_card,visa,secure_token_248,5774
pm_000249,credit_card,mastercard,secure_token_249,2637
pm_000250,credit_card,amex,secure_token_250,1125
pm_000251,credit_card,amex,secure_token_251,3558
pm_000252,credit_card,amex,secure_token_252,5934
pm_000253,credit_card,visa,secure_token_253,9165
pm_000254,credit_card,mastercard,secure_token_254,7221
pm_000255,credit_card,visa,secure_token_255,3592
pm_000256,credit_card,mastercard,secure_token_256,7829
pm_000257,credit_card,mastercard,secure_token_257,9808
pm_000258,credit_card,mastercard,secure_token_258,3739
pm_000259,credit_card,mastercard,secure_token_259,7742
pm_000260,credit_card,visa,secure_token_260,1095
pm_000261,credit_card,amex,secure_token_261,4243
pm_000262,credit_card,visa,secure_token_262,5850
pm_000263,credit_card,mastercard,secure_token_263,6554
pm_000264,credit_card,amex,secure_token_264,6439
pm_000265,credit_card,visa,secure_token_265,8927
pm_000266,credit_card,visa,secure_token_266,5207
pm_000267,credit_card,amex,secure_token_267,1926
pm_000268,credit_card,visa,secure_token_268,2695
pm_000269,credit_card,mastercard,secure_token_269,7227
pm_000270,credit_card,visa,secure_token_270,5218
pm_000271,credit_card,mastercard,secure_token_271,7196
pm_000272,credit_card,mastercard,secure_token_272,6009
pm_000273,credit_card,visa,secure_token_273,8279
pm_000274,credit_card,visa,secure_token_274,4254
pm_000275,credit_card,visa,secure_token_275,1683
pm_000276,credit_card,mastercard,secure_token_276,6885
pm_000277,credit_card,visa,secure_token_277,6351
pm_000278,credit_card,amex,secure_token_278,1500
pm_000279,credit_card,visa,secure_token_279,5531
pm_000280,credit_card,visa,secure_token_280,8739
pm_000281,credit_card,amex,secure_token_281,3512
pm_000282,credit_card,amex,secure_token_282,8147
pm_000283,credit_card,amex,secure_token_283,7045
pm_000284,credit_card,visa,secure_token_284,7505
pm_000285,credit_card,amex,secure_token_285,3651
pm_000286,credit_card,mastercard,secure_token_286,6769
pm_000287,credit_card,visa,secure_token_287,1431
pm_000288,credit_card,visa,secure_token_288,5887
pm_000289,credit_card,visa,secure_token_289,8122
pm_000290,credit_card,visa,secure_token_290,9586
pm_000291,credit_card,visa,secure_token_291,5380
pm_000292,credit_card,visa,secure_token_292,1273
pm_000293,credit_card,visa,secure_token_293,5044
pm_000294,credit_card,amex,secure_token_294,3530
pm_000295,credit_card,mastercard,secure_token_295,8456
pm_000296,credit_card,amex,secure_token_296,1953
pm_000297,credit_card,visa,secure_token_297,5630
pm_000298,credit_card,mastercard,secure_token_298,4064
pm_000299,credit_card,amex,secure_token_299,7687
pm_000300,credit_card,mastercard,secure_token_300,9920
pm_000301,credit_card,amex,secure_token_301,1493
pm_000302,credit_card,amex,secure_token_302,2414
pm_000303,credit_card,visa,secure_token_303,6745
pm_000304,credit_card,mastercard,secure_token_304,1569
pm_000305,credit_card,mastercard,secure_token_305,5687
pm_000306,credit_card,mastercard,secure_token_306,1329
pm_000307,credit_card,amex,secure_token_307,2457
pm_000308,credit_card,visa,secure_token_308,7074
pm_000309,credit_card,mastercard,secure_token_309,7103
pm_000310,credit_card,visa,secure_token_310,2053
pm_000311,credit_card,amex,secure_token_311,8928
pm_000312,credit_card,visa,secure_token_312,2902
pm_000313,credit_card,amex,secure_token_313,3663
pm_000314,credit_card,mastercard,secure_token_314,5831
pm_000315,credit_card,amex,secure_token_315,8902
pm_000316,credit_card,visa,secure_token_316,4440
pm_000317,credit_card,mastercard,secure_token_317,7554
pm_000318,credit_card,amex,secure_token_318,3865
pm_000319,credit_card,visa,secure_token_319,2082
pm_000320,credit_card,amex,secure_token_320,3922
pm_000321,credit_card,visa,secure_token_321,1900
pm_000322,credit_card,amex,secure_token_322,3943
pm_000323,credit_card,visa,secure_token_323,9634
pm_000324,credit_card,visa,secure_token_324,8221
pm_000325,credit_card,mastercard,secure_token_325,3284
pm_000326,credit_card,visa,secure_token_326,8612
pm_000327,credit_card,visa,secure_token_327,7448
pm_000328,credit_card,visa,secure_token_328,1998
pm_000329,credit_card,mastercard,secure_token_329,2361
pm_000330,credit_card,amex,secure_token_330,6268
pm_000331,credit_card,visa,secure_token_331,1490
pm_000332,credit_card,amex,secure_token_332,6282
pm_000333,credit_card,mastercard,secure_token_333,1132
pm_000334,credit_card,amex,secure_token_334,7498
pm_000335,credit_card,visa,secure_token_335,9004
pm_000336,credit_card,mastercard,secure_token_336,6377
pm_000337,credit_card,visa,secure_token_337,7182
pm_000338,credit_card,visa,secure_token_338,8651
pm_000339,credit_card,mastercard,secure_token_339,8424
pm_000340,credit_card,visa,secure_token_340,7577
pm_000341,credit_card,mastercard,secure_token_341,1252
pm_000342,credit_card,amex,secure_token_342,3121
pm_000343,credit_card,amex,secure_token_343,5052
pm_000344,credit_card,mastercard,secure_token_344,3698
pm_000345,credit_card,mastercard,secure_token_345,5153
pm_000346,credit_card,visa,secure_token_346,4608
pm_000347,credit_card,visa,secure_token_347,9783
pm_000348,credit_card,mastercard,secure_token_348,5209
pm_000349,credit_card,amex,secure_token_349,8088
pm_000350,credit_card,amex,secure_token_350,2377
pm_000351,credit_card,mastercard,secure_token_351,9308
pm_000352,credit_card,amex,secure_token_352,3089
pm_000353,credit_card,mastercard,secure_token_353,4054
pm_000354,credit_card,mastercard,secure_token_354,1066
pm_000355,credit_card,mastercard,secure_token_355,1378
pm_000356,credit_card,mastercard,secure_token_356,9995
pm_000357,credit_card,amex,secure_token_357,5772
pm_000358,credit_card,visa,secure_token_358,6840
pm_000359,credit_card,amex,secure_token_359,4184
pm_000360,credit_card,mastercard,secure_token_360,3914
pm_000361,credit_card,mastercard,secure_token_361,7496
pm_000362,credit_card,amex,secure_token_362,7707
pm_000363,credit_card,amex,secure_token_363,6776
pm_000364,credit_card,mastercard,secure_token_364,6215
pm_000365,credit_card,visa,secure_token_365,3557
pm_000366,credit_card,visa,secure_token_366,6342
pm_000367,credit_card,mastercard,secure_token_367,4150
pm_000368,credit_card,mastercard,secure_token_368,6523
pm_000369,credit_card,visa,secure_token_369,3684
pm_000370,credit_card,amex,secure_token_370,5797
pm_000371,credit_card,mastercard,secure_token_371,6025
pm_000372,credit_card,visa,secure_token_372,8255
pm_000373,credit_card,visa,secure_token_373,4163
pm_000374,credit_card,mastercard,secure_token_374,4195
pm_000375,credit_card,visa,secure_token_375,3869
pm_000376,credit_card,mastercard,secure_token_376,6104
pm_000377,credit_card,mastercard,secure_token_377,3874
pm_000378,credit_card,amex,secure_token_378,7985
pm_000379,credit_card,mastercard,secure_token_379,1440
pm_000380,credit_card,visa,secure_token_380,2636
pm_000381,credit_card,amex,secure_token_381,9465
pm_000382,credit_card,visa,secure_token_382,8315
pm_000383,credit_card,amex,secure_token_383,8937
pm_000384,credit_card,visa,secure_token_384,1207
pm_000385,credit_card,visa,secure_token_385,1771
pm_000386,credit_card,visa,secure_token_386,3560
pm_000387,credit_card,amex,secure_token_387,9232
pm_000388,credit_card,visa,secure_token_388,5618
pm_000389,credit_card,amex,secure_token_389,9231
pm_000390,credit_card,mastercard,secure_token_390,9419
pm_000391,credit_card,visa,secure_token_391,2001
pm_000392,credit_card,amex,secure_token_392,4673
pm_000393,credit_card,mastercard,secure_token_393,1573
pm_000394,credit_card,mastercard,secure_token_394,7068
pm_000395,credit_card,amex,secure_token_395,7945
pm_000396,credit_card,amex,secure_token_396,8059
pm_000397,credit_card,amex,secure_token_397,9394
pm_000398,credit_card,mastercard,secure_token_398,2205
pm_000399,credit_card,visa,secure_token_399,9011
pm_000400,credit_card,amex,secure_token_400,6982
pm_000401,credit_card,amex,secure_token_401,1879
pm_000402,credit_card,visa,secure_token_402,1767
pm_000403,credit_card,mastercard,secure_token_403,9218
pm_000404,credit_card,mastercard,secure_token_404,3345
pm_000405,credit_card,amex,secure_token_405,4456
pm_000406,credit_card,amex,secure_token_406,2095
pm_000407,credit_card,mastercard,secure_token_407,1149
pm_000408,credit_card,amex,secure_token_408,1316
pm_000409,credit_card,amex,secure_token_409,9645
pm_000410,credit_card,amex,secure_token_410,2340
pm_000411,credit_card,visa,secure_token_411,3366
pm_000412,credit_card,amex,secure_token_412,1307
pm_000413,credit_card,mastercard,secure_token_413,1176
pm_000414,credit_card,amex,secure_token_414,3830
pm_000415,credit_card,mastercard,secure_token_415,4123
pm_000416,credit_card,visa,secure_token_416,4331
pm_000417,credit_card,mastercard,secure_token_417,4733
pm_000418,credit_card,visa,secure_token_418,5616
pm_000419,credit_card,visa,secure_token_419,9081
pm_000420,credit_card,mastercard,secure_token_420,9731
pm_000421,credit_card,mastercard,secure_token_421,4785
pm_000422,credit_card,visa,secure_token_422,3794
pm_000423,credit_card,amex,secure_token_423,6759
pm_000424,credit_card,visa,secure_token_424,7336
pm_000425,credit_card,visa,secure_token_425,3909
pm_000426,credit_card,amex,secure_token_426,9737
pm_000427,credit_card,amex,secure_token_427,3258
pm_000428,credit_card,amex,secure_token_428,4373
pm_000429,credit_card,visa,secure_token_429,7682
pm_000430,credit_card,amex,secure_token_430,9220
pm_000431,credit_card,mastercard,secure_token_431,6412
pm_000432,credit_card,mastercard,secure_token_432,6864
pm_000433,credit_card,visa,secure_token_433,5245
pm_000434,credit_card,amex,secure_token_434,5537
pm_000435,credit_card,amex,secure_token_435,3876
pm_000436,credit_card,mastercard,secure_token_436,5244
pm_000437,credit_card,amex,secure_token_437,3383
pm_000438,credit_card,mastercard,secure_token_438,8580
pm_000439,credit_card,amex,secure_token_439,4000
pm_000440,credit_card,mastercard,secure_token_440,8187
pm_000441,credit_card,mastercard,secure_token_441,9909
pm_000442,credit_card,visa,secure_token_442,3390
pm_000443,credit_card,visa,secure_token_443,1073
pm_000444,credit_card,mastercard,secure_token_444,1796
pm_000445,credit_card,mastercard,secure_token_445,7561
pm_000446,credit_card,amex,secure_token_446,1520
pm_000447,credit_card,visa,secure_token_447,3921
pm_000448,credit_card,amex,secure_token_448,2889
pm_000449,credit_card,amex,secure_token_449,2881
pm_000450,credit_card,visa,secure_token_450,8914
pm_000451,credit_card,amex,secure_token_451,8694
pm_000452,credit_card,amex,secure_token_452,8842
pm_000453,credit_card,amex,secure_token_453,7886
pm_000454,credit_card,visa,secure_token_454,5144
pm_000455,credit_card,visa,secure_token_455,9407
pm_000456,credit_card,amex,secure_token_456,5208
pm_000457,credit_card,mastercard,secure_token_457,9996
pm_000458,credit_card,amex,secure_token_458,6003
pm_000459,credit_card,mastercard,secure_token_459,1368
pm_000460,credit_card,amex,secure_token_460,1202
pm_000461,credit_card,visa,secure_token_461,1872
pm_000462,credit_card,visa,secure_token_462,8093
pm_000463,credit_card,mastercard,secure_token_463,8576
pm_000464,credit_card,visa,secure_token_464,4306
pm_000465,credit_card,amex,secure_token_465,8009
pm_000466,credit_card,amex,secure_token_466,1854
pm_000467,credit_card,amex,secure_token_467,1815
pm_000468,credit_card,visa,secure_token_468,6657
pm_000469,credit_card,mastercard,secure_token_469,5524
pm_000470,credit_card,amex,secure_token_470,2969
pm_000471,credit_card,mastercard,secure_token_471,6522
pm_000472,credit_card,amex,secure_token_472,9867
pm_000473,credit_card,visa,secure_token_473,1229
pm_000474,credit_card,mastercard,secure_token_474,6987
pm_000475,credit_card,mastercard,secure_token_475,7591
pm_000476,credit_card,amex,secure_token_476,1567
pm_000477,credit_card,visa,secure_token_477,4790
pm_000478,credit_card,mastercard,secure_token_478,5997
pm_000479,credit_card,amex,secure_token_479,4470
pm_000480,credit_card,visa,secure_token_480,4742
pm_000481,credit_card,visa,secure_token_481,5027
pm_000482,credit_card,amex,secure_token_482,2538
pm_000483,credit_card,mastercard,secure_token_483,8160
pm_000484,credit_card,amex,secure_token_484,7484
pm_000485,credit_card,amex,secure_token_485,4279
pm_000486,credit_card,amex,secure_token_486,6668
pm_000487,credit_card,visa,secure_token_487,1332
pm_000488,credit_card,amex,secure_token_488,2889
pm_000489,credit_card,mastercard,secure_token_489,3975
pm_000490,credit_card,amex,secure_token_490,9815
pm_000491,credit_card,visa,secure_token_491,9047
pm_000492,credit_card,mastercard,secure_token_492,8720
pm_000493,credit_card,visa,secure_token_493,4243
pm_000494,credit_card,amex,secure_token_494,9726
pm_000495,credit_card,visa,secure_token_495,2378
pm_000496,credit_card,amex,secure_token_496,5519
pm_000497,credit_card,visa,secure_token_497,2408
pm_000498,credit_card,amex,secure_token_498,3347
pm_000499,credit_card,visa,secure_token_499,3606
pm_000500,credit_card,mastercard,secure_token_500,5638
pm_000501,credit_card,amex,secure_token_501,9898
pm_000502,credit_card,mastercard,secure_token_502,5755
pm_000503,credit_card,amex,secure_token_503,5647
pm_000504,credit_card,amex,secure_token_504,4808
pm_000505,credit_card,amex,secure_token_505,8547
pm_000506,credit_card,amex,secure_token_506,6209
pm_000507,credit_card,amex,secure_token_507,5785
pm_000508,credit_card,mastercard,secure_token_508,9978
pm_000509,credit_card,amex,secure_token_509,8216
pm_000510,credit_card,amex,secure_token_510,9699
pm_000511,credit_card,visa,secure_token_511,6185
pm_000512,credit_card,mastercard,secure_token_512,5062
pm_000513,credit_card,visa,secure_token_513,5864
pm_000514,credit_card,visa,secure_token_514,1266
pm_000515,credit_card,amex,secure_token_515,1180
pm_000516,credit_card,amex,secure_token_516,9033
pm_000517,credit_card,visa,secure_token_517,9922
pm_000518,credit_card,amex,secure_token_518,9121
pm_000519,credit_card,mastercard,secure_token_519,1798
pm_000520,credit_card,amex,secure_token_520,4485
pm_000521,credit_card,amex,secure_token_521,4329
pm_000522,credit_card,amex,secure_token_522,5790
pm_000523,credit_card,amex,secure_token_523,4873
pm_000524,credit_card,visa,secure_token_524,6772
pm_000525,credit_card,amex,secure_token_525,4537
pm_000526,credit_card,mastercard,secure_token_526,4109
pm_000527,credit_card,visa,secure_token_527,3835
pm_000528,credit_card,mastercard,secure_token_528,1255
pm_000529,credit_card,mastercard,secure_token_529,5903
pm_000530,credit_card,amex,secure_token_530,4148
pm_000531,credit_card,mastercard,secure_token_531,6484
pm_000532,credit_card,amex,secure_token_532,8278
pm_000533,credit_card,amex,secure_token_533,2717
pm_000534,credit_card,amex,secure_token_534,2083
pm_000535,credit_card,visa,secure_token_535,6428
pm_000536,credit_card,visa,secure_token_536,6144
pm_000537,credit_card,mastercard,secure_token_537,2947
pm_000538,credit_card,mastercard,secure_token_538,5883
pm_000539,credit_card,amex,secure_token_539,6065
pm_000540,credit_card,mastercard,secure_token_540,3118
pm_000541,credit_card,mastercard,secure_token_541,9636
pm_000542,credit_card,mastercard,secure_token_542,5233
pm_000543,credit_card,amex,secure_token_543,6889
pm_000544,credit_card,amex,secure_token_544,6487
pm_000545,credit_card,amex,secure_token_545,8451
pm_000546,credit_card,mastercard,secure_token_546,1371
pm_000547,credit_card,mastercard,secure_token_547,5391
pm_000548,credit_card,visa,secure_token_548,3175
pm_000549,credit_card,amex,secure_token_549,6865
pm_000550,credit_card,mastercard,secure_token_550,8215
pm_000551,credit_card,amex,secure_token_551,3172
pm_000552,credit_card,visa,secure_token_552,8920
pm_000553,credit_card,amex,secure_token_553,9422
pm_000554,credit_card,amex,secure_token_554,5651
pm_000555,credit_card,mastercard,secure_token_555,5550
pm_000556,credit_card,mastercard,secure_token_556,7182
pm_000557,credit_card,amex,secure_token_557,3387
pm_000558,credit_card,mastercard,secure_token_558,5519
pm_000559,credit_card,visa,secure_token_559,3647
pm_000560,credit_card,mastercard,secure_token_560,3381
pm_000561,credit_card,mastercard,secure_token_561,8986
pm_000562,credit_card,mastercard,secure_token_562,9432
pm_000563,credit_card,amex,secure_token_563,6568
pm_000564,credit_card,amex,secure_token_564,1108
pm_000565,credit_card,mastercard,secure_token_565,9550
pm_000566,credit_card,visa,secure_token_566,9519
pm_000567,credit_card,amex,secure_token_567,1372
pm_000568,credit_card,amex,secure_token_568,6646
pm_000569,credit_card,amex,secure_token_569,5983
pm_000570,credit_card,visa,secure_token_570,1418
pm_000571,credit_card,visa,secure_token_571,4934
pm_000572,credit_card,mastercard,secure_token_572,5650
pm_000573,credit_card,mastercard,secure_token_573,7561
pm_000574,credit_card,amex,secure_token_574,8956
pm_000575,credit_card,amex,secure_token_575,3828
pm_000576,credit_card,visa,secure_token_576,6750
pm_000577,credit_card,mastercard,secure_token_577,1575
pm_000578,credit_card,amex,secure_token_578,5014
pm_000579,credit_card,visa,secure_token_579,1792
pm_000580,credit_card,visa,secure_token_580,6151
pm_000581,credit_card,amex,secure_token_581,1547
pm_000582,credit_card,visa,secure_token_582,5623
pm_000583,credit_card,mastercard,secure_token_583,7620
pm_000584,credit_card,amex,secure_token_584,4575
pm_000585,credit_card,amex,secure_token_585,8518
pm_000586,credit_card,visa,secure_token_586,4416
pm_000587,credit_card,mastercard,secure_token_587,4866
pm_000588,credit_card,amex,secure_token_588,3857
pm_000589,credit_card,amex,secure_token_589,3074
pm_000590,credit_card,mastercard,secure_token_590,4300
pm_000591,credit_card,visa,secure_token_591,7606
pm_000592,credit_card,amex,secure_token_592,3183
pm_000593,credit_card,mastercard,secure_token_593,1016
pm_000594,credit_card,mastercard,secure_token_594,7211
pm_000595,credit_card,mastercard,secure_token_595,6009
pm_000596,credit_card,amex,secure_token_596,7599
pm_000597,credit_card,mastercard,secure_token_597,6056
pm_000598,credit_card,visa,secure_token_598,4830
pm_000599,credit_card,mastercard,secure_token_599,7173
pm_000600,credit_card,mastercard,secure_token_600,2010
pm_000601,credit_card,visa,secure_token_601,9978
pm_000602,credit_card,amex,secure_token_602,2316
pm_000603,credit_card,mastercard,secure_token_603,3575
pm_000604,credit_card,visa,secure_token_604,3146
pm_000605,credit_card,mastercard,secure_token_605,2445
pm_000606,credit_card,visa,secure_token_606,6810
pm_000607,credit_card,visa,secure_token_607,9134
pm_000608,credit_card,mastercard,secure_token_608,1707
pm_000609,credit_card,amex,secure_token_609,9114
pm_000610,credit_card,visa,secure_token_610,5904
pm_000611,credit_card,visa,secure_token_611,6527
pm_000612,credit_card,mastercard,secure_token_612,2861
pm_000613,credit_card,visa,secure_token_613,4280
pm_000614,credit_card,mastercard,secure_token_614,2824
pm_000615,credit_card,visa,secure_token_615,4103
pm_000616,credit_card,amex,secure_token_616,6846
pm_000617,credit_card,visa,secure_token_617,2971
pm_000618,credit_card,mastercard,secure_token_618,9181
pm_000619,credit_card,mastercard,secure_token_619,4005
pm_000620,credit_card,mastercard,secure_token_620,8698
pm_000621,credit_card,mastercard,secure_token_621,9737
pm_000622,credit_card,visa,secure_token_622,5069
pm_000623,credit_card,amex,secure_token_623,1583
pm_000624,credit_card,amex,secure_token_624,7996
pm_000625,credit_card,mastercard,secure_token_625,2241
pm_000626,credit_card,amex,secure_token_626,8169
pm_000627,credit_card,mastercard,secure_token_627,3736
pm_000628,credit_card,mastercard,secure_token_628,8054
pm_000629,credit_card,amex,secure_token_629,3270
pm_000630,credit_card,mastercard,secure_token_630,6240
pm_000631,credit_card,visa,secure_token_631,6914
pm_000632,credit_card,mastercard,secure_token_632,3917
pm_000633,credit_card,visa,secure_token_633,1919
pm_000634,credit_card,visa,secure_token_634,1719
pm_000635,credit_card,mastercard,secure_token_635,8554
pm_000636,credit_card,visa,secure_token_636,1315
pm_000637,credit_card,visa,secure_token_637,4082
pm_000638,credit_card,amex,secure_token_638,9520
pm_000639,credit_card,visa,secure_token_639,9402
pm_000640,credit_card,amex,secure_token_640,3491
pm_000641,credit_card,mastercard,secure_token_641,8555
pm_000642,credit_card,visa,secure_token_642,2339
pm_000643,credit_card,mastercard,secure_token_643,9359
pm_000644,credit_card,mastercard,secure_token_644,3750
pm_000645,credit_card,visa,secure_token_645,9606
pm_000646,credit_card,amex,secure_token_646,2334
pm_000647,credit_card,mastercard,secure_token_647,2143
pm_000648,credit_card,visa,secure_token_648,7085
pm_000649,credit_card,amex,secure_token_649,1254
pm_000650,credit_card,mastercard,secure_token_650,9580
pm_000651,credit_card,visa,secure_token_651,2118
pm_000652,credit_card,mastercard,secure_token_652,3164
pm_000653,credit_card,visa,secure_token_653,1264
pm_000654,credit_card,mastercard,secure_token_654,9417
pm_000655,credit_card,mastercard,secure_token_655,4744
pm_000656,credit_card,amex,secure_token_656,6549
pm_000657,credit_card,mastercard,secure_token_657,1095
pm_000658,credit_card,mastercard,secure_token_658,9784
pm_000659,credit_card,mastercard,secure_token_659,2797
pm_000660,credit_card,mastercard,secure_token_660,3058
pm_000661,credit_card,visa,secure_token_661,7954
pm_000662,credit_card,mastercard,secure_token_662,6209
pm_000663,credit_card,visa,secure_token_663,5491
pm_000664,credit_card,visa,secure_token_664,6167
pm_000665,credit_card,mastercard,secure_token_665,1306
pm_000666,credit_card,mastercard,secure_token_666,4311
pm_000667,credit_card,amex,secure_token_667,7152
pm_000668,credit_card,visa,secure_token_668,8766
pm_000669,credit_card,amex,secure_token_669,3024
pm_000670,credit_card,amex,secure_token_670,5067
pm_000671,credit_card,amex,secure_token_671,2855
pm_000672,credit_card,amex,secure_token_672,8706
pm_000673,credit_card,mastercard,secure_token_673,6527
pm_000674,credit_card,mastercard,secure_token_674,4964
pm_000675,credit_card,visa,secure_token_675,3216
pm_000676,credit_card,visa,secure_token_676,9391
pm_000677,credit_card,mastercard,secure_token_677,3536
pm_000678,credit_card,mastercard,secure_token_678,2679
pm_000679,credit_card,amex,secure_token_679,7511
pm_000680,credit_card,visa,secure_token_680,4055
pm_000681,credit_card,visa,secure_token_681,7038
pm_000682,credit_card,visa,secure_token_682,2942
pm_000683,credit_card,mastercard,secure_token_683,3627
pm_000684,credit_card,mastercard,secure_token_684,2173
pm_000685,credit_card,mastercard,secure_token_685,8802
pm_000686,credit_card,visa,secure_token_686,4875
pm_000687,credit_card,amex,secure_token_687,3326
pm_000688,credit_card,amex,secure_token_688,2046
pm_000689,credit_card,mastercard,secure_token_689,6706
pm_000690,credit_card,visa,secure_token_690,6252
pm_000691,credit_card,amex,secure_token_691,4672
pm_000692,credit_card,mastercard,secure_token_692,6653
pm_000693,credit_card,visa,secure_token_693,7361
pm_000694,credit_card,mastercard,secure_token_694,3783
pm_000695,credit_card,amex,secure_token_695,3130
pm_000696,credit_card,visa,secure_token_696,2526
pm_000697,credit_card,amex,secure_token_697,2245
pm_000698,credit_card,amex,secure_token_698,7929
pm_000699,credit_card,visa,secure_token_699,6826
pm_000700,credit_card,visa,secure_token_700,2336
pm_000701,credit_card,amex,secure_token_701,5315
pm_000702,credit_card,mastercard,secure_token_702,8353
pm_000703,credit_card,visa,secure_token_703,7428
pm_000704,credit_card,amex,secure_token_704,8919
pm_000705,credit_card,visa,secure_token_705,8357
pm_000706,credit_card,mastercard,secure_token_706,6450
pm_000707,credit_card,mastercard,secure_token_707,6305
pm_000708,credit_card,visa,secure_token_708,4979
pm_000709,credit_card,visa,secure_token_709,4854
pm_000710,credit_card,amex,secure_token_710,5294
pm_000711,credit_card,visa,secure_token_711,9690
pm_000712,credit_card,visa,secure_token_712,7668
pm_000713,credit_card,visa,secure_token_713,6173
pm_000714,credit_card,amex,secure_token_714,2451
pm_000715,credit_card,mastercard,secure_token_715,9308
pm_000716,credit_card,amex,secure_token_716,8006
pm_000717,credit_card,visa,secure_token_717,8008
pm_000718,credit_card,visa,secure_token_718,7734
pm_000719,credit_card,mastercard,secure_token_719,4255
pm_000720,credit_card,mastercard,secure_token_720,7613
pm_000721,credit_card,visa,secure_token_721,7895
pm_000722,credit_card,visa,secure_token_722,5097
pm_000723,credit_card,mastercard,secure_token_723,5502
pm_000724,credit_card,amex,secure_token_724,8581
pm_000725,credit_card,mastercard,secure_token_725,8723
pm_000726,credit_card,amex,secure_token_726,7809
pm_000727,credit_card,mastercard,secure_token_727,3439
pm_000728,credit_card,visa,secure_token_728,6007
pm_000729,credit_card,visa,secure_token_729,1065
pm_000730,credit_card,visa,secure_token_730,7359
pm_000731,credit_card,mastercard,secure_token_731,2439
pm_000732,credit_card,amex,secure_token_732,8038
pm_000733,credit_card,mastercard,secure_token_733,3624
pm_000734,credit_card,amex,secure_token_734,9807
pm_000735,credit_card,visa,secure_token_735,7475
pm_000736,credit_card,mastercard,secure_token_736,5444
pm_000737,credit_card,amex,secure_token_737,1733
pm_000738,credit_card,amex,secure_token_738,6890
pm_000739,credit_card,mastercard,secure_token_739,4344
pm_000740,credit_card,amex,secure_token_740,9499
pm_000741,credit_card,mastercard,secure_token_741,1201
pm_000742,credit_card,amex,secure_token_742,4638
pm_000743,credit_card,amex,secure_token_743,1929
pm_000744,credit_card,mastercard,secure_token_744,1686
pm_000745,credit_card,amex,secure_token_745,2469
pm_000746,credit_card,amex,secure_token_746,9378
pm_000747,credit_card,visa,secure_token_747,2291
pm_000748,credit_card,mastercard,secure_token_748,8279
pm_000749,credit_card,mastercard,secure_token_749,3111
pm_000750,credit_card,mastercard,secure_token_750,4071
pm_000751,credit_card,amex,secure_token_751,3609
pm_000752,credit_card,visa,secure_token_752,4574
pm_000753,credit_card,amex,secure_token_753,8355
pm_000754,credit_card,mastercard,secure_token_754,2609
pm_000755,credit_card,mastercard,secure_token_755,9850
pm_000756,credit_card,visa,secure_token_756,2390
pm_000757,credit_card,mastercard,secure_token_757,6557
pm_000758,credit_card,mastercard,secure_token_758,5717
pm_000759,credit_card,amex,secure_token_759,8430
pm_000760,credit_card,amex,secure_token_760,4242
pm_000761,credit_card,visa,secure_token_761,6785
pm_000762,credit_card,visa,secure_token_762,2190
pm_000763,credit_card,mastercard,secure_token_763,9245
pm_000764,credit_card,amex,secure_token_764,3568
pm_000765,credit_card,mastercard,secure_token_765,2808
pm_000766,credit_card,visa,secure_token_766,1034
pm_000767,credit_card,amex,secure_token_767,3347
pm_000768,credit_card,amex,secure_token_768,7621
pm_000769,credit_card,amex,secure_token_769,9064
pm_000770,credit_card,visa,secure_token_770,9404
pm_000771,credit_card,mastercard,secure_token_771,4569
pm_000772,credit_card,visa,secure_token_772,9260
pm_000773,credit_card,amex,secure_token_773,8962
pm_000774,credit_card,mastercard,secure_token_774,3084
pm_000775,credit_card,visa,secure_token_775,9484
pm_000776,credit_card,mastercard,secure_token_776,2332
pm_000777,credit_card,mastercard,secure_token_777,9650
pm_000778,credit_card,visa,secure_token_778,2009
pm_000779,credit_card,amex,secure_token_779,8488
pm_000780,credit_card,visa,secure_token_780,4462
pm_000781,credit_card,visa,secure_token_781,3552
pm_000782,credit_card,visa,secure_token_782,3844
pm_000783,credit_card,visa,secure_token_783,8563
pm_000784,credit_card,visa,secure_token_784,8464
pm_000785,credit_card,mastercard,secure_token_785,3367
pm_000786,credit_card,amex,secure_token_786,5169
pm_000787,credit_card,visa,secure_token_787,7856
pm_000788,credit_card,visa,secure_token_788,1528
pm_000789,credit_card,amex,secure_token_789,7342
pm_000790,credit_card,visa,secure_token_790,2161
pm_000791,credit_card,mastercard,secure_token_791,8215
pm_000792,credit_card,amex,secure_token_792,6307
pm_000793,credit_card,mastercard,secure_token_793,3761
pm_000794,credit_card,amex,secure_token_794,9124
pm_000795,credit_card,visa,secure_token_795,2916
pm_000796,credit_card,mastercard,secure_token_796,8252
pm_000797,credit_card,amex,secure_token_797,1186
pm_000798,credit_card,visa,secure_token_798,4037
pm_000799,credit_card,amex,secure_token_799,5528
pm_000800,credit_card,visa,secure_token_800,9900
pm_000801,credit_card,amex,secure_token_801,1691
pm_000802,credit_card,mastercard,secure_token_802,7684
pm_000803,credit_card,visa,secure_token_803,9979
pm_000804,credit_card,mastercard,secure_token_804,9892
pm_000805,credit_card,amex,secure_token_805,8640
pm_000806,credit_card,mastercard,secure_token_806,4617
pm_000807,credit_card,amex,secure_token_807,4563
pm_000808,credit_card,amex,secure_token_808,9363
pm_000809,credit_card,amex,secure_token_809,9635
pm_000810,credit_card,amex,secure_token_810,8443
pm_000811,credit_card,mastercard,secure_token_811,1228
pm_000812,credit_card,visa,secure_token_812,4424
pm_000813,credit_card,mastercard,secure_token_813,9358
pm_000814,credit_card,mastercard,secure_token_814,9039
pm_000815,credit_card,mastercard,secure_token_815,3247
pm_000816,credit_card,mastercard,secure_token_816,6641
pm_000817,credit_card,mastercard,secure_token_817,6709
pm_000818,credit_card,mastercard,secure_token_818,2255
pm_000819,credit_card,mastercard,secure_token_819,6343
pm_000820,credit_card,visa,secure_token_820,8820
pm_000821,credit_card,amex,secure_token_821,8887
pm_000822,credit_card,mastercard,secure_token_822,6485
pm_000823,credit_card,amex,secure_token_823,4481
pm_000824,credit_card,mastercard,secure_token_824,9180
pm_000825,credit_card,visa,secure_token_825,6147
pm_000826,credit_card,visa,secure_token_826,5472
pm_000827,credit_card,mastercard,secure_token_827,2683
pm_000828,credit_card,amex,secure_token_828,3707
pm_000829,credit_card,visa,secure_token_829,3918
pm_000830,credit_card,mastercard,secure_token_830,6823
pm_000831,credit_card,mastercard,secure_token_831,3799
pm_000832,credit_card,amex,secure_token_832,4734
pm_000833,credit_card,amex,secure_token_833,3789
pm_000834,credit_card,visa,secure_token_834,9195
pm_000835,credit_card,visa,secure_token_835,7560
pm_000836,credit_card,mastercard,secure_token_836,4681
pm_000837,credit_card,amex,secure_token_837,8175
pm_000838,credit_card,amex,secure_token_838,8975
pm_000839,credit_card,visa,secure_token_839,8193
pm_000840,credit_card,mastercard,secure_token_840,2092
pm_000841,credit_card,mastercard,secure_token_841,7131
pm_000842,credit_card,visa,secure_token_842,5307
pm_000843,credit_card,mastercard,secure_token_843,7758
pm_000844,credit_card,visa,secure_token_844,5068
pm_000845,credit_card,amex,secure_token_845,1270
pm_000846,credit_card,mastercard,secure_token_846,9602
pm_000847,credit_card,visa,secure_token_847,8671
pm_000848,credit_card,amex,secure_token_848,6477
pm_000849,credit_card,amex,secure_token_849,2323
pm_000850,credit_card,mastercard,secure_token_850,3422
pm_000851,credit_card,mastercard,secure_token_851,7292
pm_000852,credit_card,mastercard,secure_token_852,5646
pm_000853,credit_card,mastercard,secure_token_853,1309
pm_000854,credit_card,visa,secure_token_854,6107
pm_000855,credit_card,visa,secure_token_855,9712
pm_000856,credit_card,mastercard,secure_token_856,6344
pm_000857,credit_card,mastercard,secure_token_857,4885
pm_000858,credit_card,visa,secure_token_858,7888
pm_000859,credit_card,amex,secure_token_859,9790
pm_000860,credit_card,mastercard,secure_token_860,4504
pm_000861,credit_card,amex,secure_token_861,2149
pm_000862,credit_card,mastercard,secure_token_862,7382
pm_000863,credit_card,mastercard,secure_token_863,8546
pm_000864,credit_card,amex,secure_token_864,9749
pm_000865,credit_card,amex,secure_token_865,2839
pm_000866,credit_card,mastercard,secure_token_866,3665
pm_000867,credit_card,mastercard,secure_token_867,8503
pm_000868,credit_card,amex,secure_token_868,3938
pm_000869,credit_card,visa,secure_token_869,8148
pm_000870,credit_card,amex,secure_token_870,5881
pm_000871,credit_card,amex,secure_token_871,3065
pm_000872,credit_card,mastercard,secure_token_872,4249
pm_000873,credit_card,mastercard,secure_token_873,1673
pm_000874,credit_card,mastercard,secure_token_874,8937
pm_000875,credit_card,amex,secure_token_875,8776
pm_000876,credit_card,amex,secure_token_876,8006
pm_000877,credit_card,visa,secure_token_877,1873
pm_000878,credit_card,mastercard,secure_token_878,4187
pm_000879,credit_card,visa,secure_token_879,9001
pm_000880,credit_card,mastercard,secure_token_880,7931
pm_000881,credit_card,visa,secure_token_881,2430
pm_000882,credit_card,amex,secure_token_882,7076
pm_000883,credit_card,amex,secure_token_883,6061
pm_000884,credit_card,visa,secure_token_884,1360
pm_000885,credit_card,mastercard,secure_token_885,8069
pm_000886,credit_card,amex,secure_token_886,6021
pm_000887,credit_card,mastercard,secure_token_887,2947
pm_000888,credit_card,visa,secure_token_888,5878
pm_000889,credit_card,amex,secure_token_889,8782
pm_000890,credit_card,amex,secure_token_890,8225
pm_000891,credit_card,amex,secure_token_891,2718
pm_000892,credit_card,mastercard,secure_token_892,9822
pm_000893,credit_card,mastercard,secure_token_893,1263
pm_000894,credit_card,visa,secure_token_894,5743
pm_000895,credit_card,visa,secure_token_895,8834
pm_000896,credit_card,visa,secure_token_896,2384
pm_000897,credit_card,visa,secure_token_897,9533
pm_000898,credit_card,visa,secure_token_898,1873
pm_000899,credit_card,visa,secure_token_899,8637
pm_000900,credit_card,amex,secure_token_900,1238
pm_000901,credit_card,amex,secure_token_901,6231
pm_000902,credit_card,visa,secure_token_902,7778
pm_000903,credit_card,amex,secure_token_903,7966
pm_000904,credit_card,visa,secure_token_904,4057
pm_000905,credit_card,amex,secure_token_905,2402
pm_000906,credit_card,amex,secure_token_906,9265
pm_000907,credit_card,visa,secure_token_907,2273
pm_000908,credit_card,visa,secure_token_908,6109
pm_000909,credit_card,visa,secure_token_909,7731
pm_000910,credit_card,visa,secure_token_910,6214
pm_000911,credit_card,amex,secure_token_911,3690
pm_000912,credit_card,amex,secure_token_912,8582
pm_000913,credit_card,visa,secure_token_913,7043
pm_000914,credit_card,visa,secure_token_914,8869
pm_000915,credit_card,mastercard,secure_token_915,4161
pm_000916,credit_card,mastercard,secure_token_916,1634
pm_000917,credit_card,mastercard,secure_token_917,5835
pm_000918,credit_card,mastercard,secure_token_918,8648
pm_000919,credit_card,visa,secure_token_919,8917
pm_000920,credit_card,visa,secure_token_920,4976
pm_000921,credit_card,mastercard,secure_token_921,8969
pm_000922,credit_card,mastercard,secure_token_922,2154
pm_000923,credit_card,mastercard,secure_token_923,7458
pm_000924,credit_card,mastercard,secure_token_924,1570
pm_000925,credit_card,mastercard,secure_token_925,4527
pm_000926,credit_card,visa,secure_token_926,7969
pm_000927,credit_card,visa,secure_token_927,8151
pm_000928,credit_card,visa,secure_token_928,3931
pm_000929,credit_card,mastercard,secure_token_929,7342
pm_000930,credit_card,visa,secure_token_930,1648
pm_000931,credit_card,amex,secure_token_931,8820
pm_000932,credit_card,mastercard,secure_token_932,1603
pm_000933,credit_card,visa,secure_token_933,1645
pm_000934,credit_card,amex,secure_token_934,9769
pm_000935,credit_card,amex,secure_token_935,7792
pm_000936,credit_card,mastercard,secure_token_936,6280
pm_000937,credit_card,visa,secure_token_937,5202
pm_000938,credit_card,visa,secure_token_938,1451
pm_000939,credit_card,visa,secure_token_939,9996
pm_000940,credit_card,amex,secure_token_940,2003
pm_000941,credit_card,mastercard,secure_token_941,1078
pm_000942,credit_card,amex,secure_token_942,4447
pm_000943,credit_card,mastercard,secure_token_943,2584
pm_000944,credit_card,visa,secure_token_944,3416
pm_000945,credit_card,visa,secure_token_945,7183
pm_000946,credit_card,amex,secure_token_946,4093
pm_000947,credit_card,visa,secure_token_947,4334
pm_000948,credit_card,amex,secure_token_948,7148
pm_000949,credit_card,mastercard,secure_token_949,1773
pm_000950,credit_card,mastercard,secure_token_950,7126
pm_000951,credit_card,amex,secure_token_951,5179
pm_000952,credit_card,amex,secure_token_952,6266
pm_000953,credit_card,visa,secure_token_953,7074
pm_000954,credit_card,amex,secure_token_954,1463
pm_000955,credit_card,mastercard,secure_token_955,1400
pm_000956,credit_card,visa,secure_token_956,5249
pm_000957,credit_card,amex,secure_token_957,8425
pm_000958,credit_card,visa,secure_token_958,6818
pm_000959,credit_card,visa,secure_token_959,4693
pm_000960,credit_card,mastercard,secure_token_960,5801
pm_000961,credit_card,visa,secure_token_961,8985
pm_000962,credit_card,amex,secure_token_962,2735
pm_000963,credit_card,amex,secure_token_963,7448
pm_000964,credit_card,amex,secure_token_964,3479
pm_000965,credit_card,visa,secure_token_965,5371
pm_000966,credit_card,mastercard,secure_token_966,6561
pm_000967,credit_card,mastercard,secure_token_967,9973
pm_000968,credit_card,amex,secure_token_968,8993
pm_000969,credit_card,visa,secure_token_969,8696
pm_000970,credit_card,amex,secure_token_970,1148
pm_000971,credit_card,visa,secure_token_971,2436
pm_000972,credit_card,mastercard,secure_token_972,5295
pm_000973,credit_card,visa,secure_token_973,5554
pm_000974,credit_card,visa,secure_token_974,3550
pm_000975,credit_card,visa,secure_token_975,8972
pm_000976,credit_card,mastercard,secure_token_976,8136
pm_000977,credit_card,visa,secure_token_977,1297
pm_000978,credit_card,visa,secure_token_978,1543
pm_000979,credit_card,mastercard,secure_token_979,9227
pm_000980,credit_card,mastercard,secure_token_980,2318
pm_000981,credit_card,amex,secure_token_981,3473
pm_000982,credit_card,amex,secure_token_982,7101
pm_000983,credit_card,mastercard,secure_token_983,3432
pm_000984,credit_card,mastercard,secure_token_984,1594
pm_000985,credit_card,visa,secure_token_985,5381
pm_000986,credit_card,amex,secure_token_986,9831
pm_000987,credit_card,amex,secure_token_987,8814
pm_000988,credit_card,visa,secure_token_988,2422
pm_000989,credit_card,mastercard,secure_token_989,9660
pm_000990,credit_card,mastercard,secure_token_990,6249
pm_000991,credit_card,amex,secure_token_991,8807
pm_000992,credit_card,amex,secure_token_992,5788
pm_000993,credit_card,visa,secure_token_993,4465
pm_000994,credit_card,visa,secure_token_994,3190
pm_000995,credit_card,amex,secure_token_995,1383
pm_000996,credit_card,visa,secure_token_996,5247
pm_000997,credit_card,mastercard,secure_token_997,9889
pm_000998,credit_card,amex,secure_token_998,1414
pm_000999,credit_card,amex,secure_token_999,4724
pm_001000,credit_card,mastercard,secure_token_1000,3581